上海市中华艺术宫,B00155L9WI,中华艺术宫
上海市中华艺术宫,BV10039917,中华艺术宫(地铁站)
上海市中华艺术宫,B0HD3LQJ7E,中国馆
上海市中华艺术宫,B00155QZKZ,世博源
上海市中华艺术宫,B00156YOU1,BMW上海体验中心
上海市中华艺术宫,B0FFL2J9H5,清明上河图
上海市中华艺术宫,B0FFFGW0B9,上海美术馆(国展路)
上海市中华艺术宫,BX10016543,中华艺术宫地铁站3号口
上海市中华艺术宫,B0FFFT3JGO,中华艺术宫-多功能厅
上海市中华艺术宫,B0FFL059KD,中华艺术宫-问询台
上海市中华艺术宫,BX10016544,中华艺术宫地铁站4号口
上海市中华艺术宫,B00155N1EC,中华艺术宫下沉广场
上海市中华艺术宫,B0JR4Z98TY,上海浦东发展银行(世博支行)
上海市中华艺术宫,B0FFGQDPMS,中华艺术宫-图书馆
上海市中华艺术宫,B0FFK67RM6,棒棒堂艺术中心(世博源3区)
上海市中华艺术宫,B00155R14H,中国省区市联合馆
上海市中华艺术宫,B0FFFE4QP1,世博源2区
上海市中华艺术宫,B0FFGIBEVA,华泰金融大厦
上海市中华艺术宫,B0FFG0MI5M,历史穿越趣-中国古文明亲子互动展-世博源购物中心
上海市中华艺术宫,BV11581677,世博(地铁站)
上海市中华艺术宫,B0FFJFT8ZQ,王品牛排(世博源店)
上海市中华艺术宫,B001574LUJ,中华艺术宫艺术剧场
上海市中华艺术宫,B0FFKYFSF8,航融大厦
上海市中华艺术宫,B0G19H9CJ6,东方启明星篮球培训(世博源校区)
上海市中华艺术宫,B0FFHOOM0C,世博源音乐喷泉
上海市中华艺术宫,B0G0KPQ50T,浦发银行(装修中)
上海市中华艺术宫,B0FFI0WAO5,国际新媒体艺术互动体验展
上海市中华艺术宫,B0FFL808HO,宝马驾驶中心
上海市中华艺术宫,B0FFM5491N,如一鸡鲍鱼·粤式煲汤(世博源店)
上海市中华艺术宫,B001570BEV,雪野一村
北京清华大学,B000A7BD6C,清华大学
北京清华大学,B0FFJHVCLP,清华大学教师发展中心
北京清华大学,B0FFLOZC1C,清华大学第五教学楼
北京清华大学,B0FFGAN9IJ,清华大学清华学堂
北京清华大学,B0FFFEILL9,清华大学新水利馆
北京清华大学,B000A85HK8,清华大学新闻与传播学院
北京清华大学,B0FFGAQH2I,清华大学资产管理处
北京清华大学,B000AA11YN,清华大学人文学院
北京清华大学,B000A85CQ3,清华大学人文社科图书馆
北京清华大学,B0FFFFAI2S,清华大学荷塘月色砚
北京清华大学,B0JBAMDJL5,清华大学科学博物馆
北京清华大学,B0FFFF7YDP,清华大学旧水利馆
北京清华大学,B0FFG3AZUZ,清华大学泥沙实验室
北京清华大学,B0FFG39P5D,清华大学同方部
北京清华大学,B000A7X2PG,清华大学水利工程系泥沙研究室
北京清华大学,B0FFF5UWUG,清华大学保卫处
北京清华大学,B0FFGAQJQ3,清华大学房屋管理服务中心(房管中心)
北京清华大学,B0FFFEFJGG,清华大学旭日楼
北京清华大学,B000A85HK7,清华大学水利水电工程系
北京清华大学,B0FFFFK0KB,清华大学地质之角
北京清华大学,B0FFG4JDZN,清华大学宏盟楼
北京清华大学,B0FFG3A9W0,清华大学第三教室楼三段
北京清华大学,B0FFG3AZZO,清华大学松山金炯珠楼
北京清华大学,B0FFFAM0RF,清华大学旧经管报告厅
北京清华大学,B000AA7AG9,清华大学土工离心模型试验室
北京清华大学,B0FFGZSK3B,清华大学第三教室楼一段
北京清华大学,B0FFFGYSA9,北京市公安局清华大学治安派出所
北京清华大学,B000A7X2PL,清华大学外国语言文学系
北京清华大学,B000A7PABA,清华大学河流海洋研究所
北京清华大学,B000A845D0,清华大学黄松益楼
河北省张家口市崇礼区万龙滑雪场,B013901DQQ,万龙滑雪场
河北省张家口市崇礼区万龙滑雪场,B0FFIR63RL,万龙滑雪场龙宫酒店
河北省张家口市崇礼区万龙滑雪场,B0JK7HNJOU,万龙度假天堂龙宫汤泉
河北省张家口市崇礼区万龙滑雪场,B0FFL4HE3M,川人川味
河北省张家口市崇礼区万龙滑雪场,B0IRZS4BBW,张家口万龙滑雪场国际公寓
河北省张家口市崇礼区万龙滑雪场,B0H09HKRKF,万龙K2滑雪营地
河北省张家口市崇礼区万龙滑雪场,BV11525216,万龙滑雪场(公交站)
河北省张家口市崇礼区万龙滑雪场,B01390PX7R,万龙滑雪场1号地下停车场
河北省张家口市崇礼区万龙滑雪场,B0FFHOV9UG,悦龙酒店
河北省张家口市崇礼区万龙滑雪场,B0GKT4O96E,张家口万龙国际公寓
河北省张家口市崇礼区万龙滑雪场,B0FFIQFL6J,张家口三人榻榻米公寓
河北省张家口市崇礼区万龙滑雪场,B01390PX7N,万龙滑雪场2号地下停车场
河北省张家口市崇礼区万龙滑雪场,B0HAGCWEKD,万龙滑雪场游客中心
河北省张家口市崇礼区万龙滑雪场,B0HAGCWMC0,万龙滑雪场售票处
河北省张家口市崇礼区万龙滑雪场,B0IDAU3QDB,万龙滑雪场地下停车场(入口)
河北省张家口市崇礼区万龙滑雪场,B013901R1J,双龙酒店
河北省张家口市崇礼区万龙滑雪场,B01390PX7S,万龙滑雪场3号地下停车场
河北省张家口市崇礼区万龙滑雪场,B0IDAU1LLI,万龙滑雪场地下停车场(出入口)
河北省张家口市崇礼区万龙滑雪场,B013902JFY,马场
河北省张家口市崇礼区万龙滑雪场,B0FFK53JT6,双龙食府(万龙滑雪场店)
河北省张家口市崇礼区万龙滑雪场,B0H10SUKMD,万龙滑雪场双龙A座
河北省张家口市崇礼区万龙滑雪场,B0FFKVZ3M8,松果绳网乐园
河北省张家口市崇礼区万龙滑雪场,B0139027ME,松树洼
